N,R1,R2,H,theta,Omega_n (rad/s),Zeta
8,0.06500,0.04550,0.06040,48.00000,37.55820,0.01297
